event_index,spike_time_ns,event_energy_j,event_energy_pj
1,6.412338,3.075596274e-12,3.075596
2,25.142866,3.443873463e-12,3.443873
3,45.136368,3.383090181e-12,3.383090
4,65.136308,3.379753060e-12,3.379753
5,85.136307,3.379713005e-12,3.379713
6,105.136307,3.379712339e-12,3.379712
7,125.136307,3.379712328e-12,3.379712
8,145.136307,3.379712328e-12,3.379712
9,165.136307,3.379712328e-12,3.379712
10,185.136307,3.729792058e-12,3.729792

bootstrap_mean_energy_per_spike_j,bootstrap_mean_energy_per_spike_pj
3.203996663e-12,3.203997
3.258065908e-12,3.258066
3.258065976e-12,3.258066
3.258403693e-12,3.258404
3.258403827e-12,3.258404
3.258403828e-12,3.258404
3.258407767e-12,3.258408
3.258753697e-12,3.258754
3.264494241e-12,3.264494
3.264819805e-12,3.264820
3.265157659e-12,3.265158
3.269078523e-12,3.269079
3.288477582e-12,3.288478
3.288477582e-12,3.288478
3.288481586e-12,3.288482
3.288481587e-12,3.288482
3.288481589e-12,3.288482
3.288481654e-12,3.288482
3.288485661e-12,3.288486
3.288485727e-12,3.288486
3.288485727e-12,3.288486
3.288489732e-12,3.288490
3.288493941e-12,3.288494
3.288815366e-12,3.288815
3.288815433e-12,3.288815
3.288819576e-12,3.288820
3.288823512e-12,3.288824
3.288823580e-12,3.288824
3.288823647e-12,3.288824
3.289157426e-12,3.289157
3.293411665e-12,3.293412
3.293411667e-12,3.293412
3.293411734e-12,3.293412
3.293753523e-12,3.293754
3.294897769e-12,3.294898
3.294901772e-12,3.294902
3.294901773e-12,3.294902
3.294901773e-12,3.294902
3.294905847e-12,3.294906
3.295231411e-12,3.295231
3.295231480e-12,3.295231
3.295231547e-12,3.295232
3.295235484e-12,3.295235
3.295235485e-12,3.295235
3.295235486e-12,3.295235
3.295239558e-12,3.295240
3.295569331e-12,3.295569
3.295573270e-12,3.295573
3.295907116e-12,3.295907
3.299490063e-12,3.299490
3.299498139e-12,3.299498
3.301309739e-12,3.301310
3.301309739e-12,3.301310
3.301647524e-12,3.301648
3.301647524e-12,3.301648
3.301647526e-12,3.301648
3.301647592e-12,3.301648
3.301651665e-12,3.301652
3.301989384e-12,3.301989
3.305910247e-12,3.305910
3.306243892e-12,3.306244
3.307725854e-12,3.307726
3.307729926e-12,3.307730
3.308071852e-12,3.308072
3.318889186e-12,3.318889
3.318889187e-12,3.318889
3.318889254e-12,3.318889
3.318889254e-12,3.318889
3.318889320e-12,3.318889
3.318893192e-12,3.318893
3.318893192e-12,3.318893
3.318893193e-12,3.318893
3.318893397e-12,3.318893
3.318897264e-12,3.318897
3.318897332e-12,3.318897
3.318897333e-12,3.318897
3.318897334e-12,3.318897
3.318897334e-12,3.318897
3.318905480e-12,3.318905
3.319226904e-12,3.319227
3.319226904e-12,3.319227
3.319226971e-12,3.319227
3.319226973e-12,3.319227
3.319226973e-12,3.319227
3.319227038e-12,3.319227
3.319227108e-12,3.319227
3.319230977e-12,3.319231
3.319230977e-12,3.319231
3.319231044e-12,3.319231
3.319231045e-12,3.319231
3.319231045e-12,3.319231
3.319231047e-12,3.319231
3.319231111e-12,3.319231
3.319231112e-12,3.319231
3.319231112e-12,3.319231
3.319231115e-12,3.319231
3.319231180e-12,3.319231
3.319231247e-12,3.319231
3.319235049e-12,3.319235
3.319235050e-12,3.319235
3.319235118e-12,3.319235
3.319235119e-12,3.319235
3.319239125e-12,3.319239
3.319239192e-12,3.319239
3.319243196e-12,3.319243
3.319564757e-12,3.319565
3.319564759e-12,3.319565
3.319564825e-12,3.319565
3.319568762e-12,3.319569
3.319568898e-12,3.319569
3.319568899e-12,3.319569
3.319572902e-12,3.319573
3.319572903e-12,3.319573
3.319572903e-12,3.319573
3.319902475e-12,3.319902
3.319906614e-12,3.319907
3.319906749e-12,3.319907
3.323485555e-12,3.323486
3.323485756e-12,3.323486
3.323489626e-12,3.323490
3.323489627e-12,3.323490
3.323489695e-12,3.323490
3.323493631e-12,3.323494
3.323493634e-12,3.323494
3.323493699e-12,3.323494
3.323493699e-12,3.323494
3.323493699e-12,3.323494
3.323823271e-12,3.323823
3.323827411e-12,3.323827
3.323827412e-12,3.323827
3.323831484e-12,3.323831
3.324161055e-12,3.324161
3.324161123e-12,3.324161
3.324161124e-12,3.324161
3.324161125e-12,3.324161
3.324161125e-12,3.324161
3.324165130e-12,3.324165
3.324165130e-12,3.324165
3.324498909e-12,3.324499
3.325305232e-12,3.325305
3.325305233e-12,3.325305
3.325305300e-12,3.325305
3.325305301e-12,3.325305
3.325305367e-12,3.325305
3.325309304e-12,3.325309
3.325309305e-12,3.325309
3.325309373e-12,3.325309
3.325309373e-12,3.325309
3.325309373e-12,3.325309
3.325309442e-12,3.325309
3.325309510e-12,3.325310
3.325313380e-12,3.325313
3.325313446e-12,3.325313
3.325313446e-12,3.325313
3.325313447e-12,3.325313
3.325313514e-12,3.325314
3.325313580e-12,3.325314
3.325317519e-12,3.325318
3.325317520e-12,3.325318
3.325643016e-12,3.325643
3.325643021e-12,3.325643
3.325643021e-12,3.325643
3.325643084e-12,3.325643
3.325643084e-12,3.325643
3.325643084e-12,3.325643
3.325643085e-12,3.325643
3.325643086e-12,3.325643
3.325643153e-12,3.325643
3.325643154e-12,3.325643
3.325643220e-12,3.325643
3.325647090e-12,3.325647
3.325647093e-12,3.325647
3.325647157e-12,3.325647
3.325647157e-12,3.325647
3.325647158e-12,3.325647
3.325647225e-12,3.325647
3.325651164e-12,3.325651
3.325651164e-12,3.325651
3.325651165e-12,3.325651
3.325651230e-12,3.325651
3.325651230e-12,3.325651
3.325651231e-12,3.325651
3.325651231e-12,3.325651
3.325651231e-12,3.325651
3.325651232e-12,3.325651
3.325651298e-12,3.325651
3.325980802e-12,3.325981
3.325980803e-12,3.325981
3.325980803e-12,3.325981
3.325980937e-12,3.325981
3.325981072e-12,3.325981
3.325984877e-12,3.325985
3.325989017e-12,3.325989
3.325989083e-12,3.325989
3.325993089e-12,3.325993
3.326318588e-12,3.326319
3.326318588e-12,3.326319
3.326318656e-12,3.326319
3.326656373e-12,3.326656
3.326656441e-12,3.326656
3.328085993e-12,3.328086
3.328757424e-12,3.328757
3.329901667e-12,3.329902
3.329905807e-12,3.329906
3.329909745e-12,3.329910
3.329909814e-12,3.329910
3.330239384e-12,3.330239
3.330243458e-12,3.330243
3.330243458e-12,3.330243
3.330243592e-12,3.330244
3.330243592e-12,3.330244
3.330247598e-12,3.330248
3.330577169e-12,3.330577
3.331721347e-12,3.331721
3.331721412e-12,3.331721
3.331721413e-12,3.331721
3.331721413e-12,3.331721
3.331729491e-12,3.331729
3.331729491e-12,3.331729
3.331729492e-12,3.331729
3.331733564e-12,3.331734
3.332059132e-12,3.332059
3.332059198e-12,3.332059
3.332059400e-12,3.332059
3.332063204e-12,3.332063
3.332063204e-12,3.332063
3.332063204e-12,3.332063
3.332063204e-12,3.332063
3.332063271e-12,3.332063
3.332063338e-12,3.332063
3.332067344e-12,3.332067
3.332396915e-12,3.332397
3.332396918e-12,3.332397
3.332396983e-12,3.332397
3.332396984e-12,3.332397
3.332397050e-12,3.332397
3.332401056e-12,3.332401
3.332401056e-12,3.332401
3.332401057e-12,3.332401
3.333072485e-12,3.333072
3.334502039e-12,3.334502
3.336317712e-12,3.336318
3.336317780e-12,3.336318
3.336317781e-12,3.336318
3.336317781e-12,3.336318
3.336317847e-12,3.336318
3.336659573e-12,3.336660
3.336659638e-12,3.336660
3.338145673e-12,3.338146
3.338475378e-12,3.338475
3.338475380e-12,3.338475
3.338479317e-12,3.338479
3.338479384e-12,3.338479
3.338483390e-12,3.338483
3.339150814e-12,3.339151
3.343071679e-12,3.343072
3.344895431e-12,3.344895
3.345233215e-12,3.345233
3.347330193e-12,3.347330
3.349300859e-12,3.349301
3.349300929e-12,3.349301
3.349304865e-12,3.349305
3.349304866e-12,3.349305
3.349304866e-12,3.349305
3.349304931e-12,3.349305
3.349304931e-12,3.349305
3.349304933e-12,3.349305
3.349304935e-12,3.349305
3.349305001e-12,3.349305
3.349308937e-12,3.349309
3.349308938e-12,3.349309
3.349308938e-12,3.349309
3.349308939e-12,3.349309
3.349309072e-12,3.349309
3.349309141e-12,3.349309
3.349313011e-12,3.349313
3.349313011e-12,3.349313
3.349313148e-12,3.349313
3.349638511e-12,3.349639
3.349638513e-12,3.349639
3.349638576e-12,3.349639
3.349638578e-12,3.349639
3.349638578e-12,3.349639
3.349638645e-12,3.349639
3.349642584e-12,3.349643
3.349642585e-12,3.349643
3.349642649e-12,3.349643
3.349642650e-12,3.349643
3.349642651e-12,3.349643
3.349642651e-12,3.349643
3.349642651e-12,3.349643
3.349642651e-12,3.349643
3.349642652e-12,3.349643
3.349642652e-12,3.349643
3.349642652e-12,3.349643
3.349642653e-12,3.349643
3.349642719e-12,3.349643
3.349642719e-12,3.349643
3.349646657e-12,3.349647
3.349646722e-12,3.349647
3.349646722e-12,3.349647
3.349646723e-12,3.349647
3.349646726e-12,3.349647
3.349646791e-12,3.349647
3.349646858e-12,3.349647
3.349646860e-12,3.349647
3.349650795e-12,3.349651
3.349654936e-12,3.349655
3.349658942e-12,3.349659
3.349976294e-12,3.349976
3.349976296e-12,3.349976
3.349976362e-12,3.349976
3.349976362e-12,3.349976
3.349976363e-12,3.349976
3.349976363e-12,3.349976
3.349976365e-12,3.349976
3.349976429e-12,3.349976
3.349976429e-12,3.349976
3.349980369e-12,3.349980
3.349980434e-12,3.349980
3.349980435e-12,3.349980
3.349980436e-12,3.349980
3.349980438e-12,3.349980
3.349980439e-12,3.349980
3.349980503e-12,3.349981
3.349980503e-12,3.349981
3.349980505e-12,3.349981
3.349984440e-12,3.349984
3.349984441e-12,3.349984
3.349984507e-12,3.349985
3.349984507e-12,3.349985
3.349984507e-12,3.349985
3.350314081e-12,3.350314
3.350314148e-12,3.350314
3.350314148e-12,3.350314
3.350314216e-12,3.350314
3.350318221e-12,3.350318
3.350330439e-12,3.350330
3.350655938e-12,3.350656
3.350660011e-12,3.350660
3.350660079e-12,3.350660
3.353897158e-12,3.353897
3.353897158e-12,3.353897
3.353897159e-12,3.353897
3.353897160e-12,3.353897
3.353897160e-12,3.353897
3.353897161e-12,3.353897
3.353897226e-12,3.353897
3.353897227e-12,3.353897
3.353897227e-12,3.353897
3.353901164e-12,3.353901
3.353901231e-12,3.353901
3.353901232e-12,3.353901
3.353901301e-12,3.353901
3.353905239e-12,3.353905
3.353905240e-12,3.353905
3.353905306e-12,3.353905
3.353905372e-12,3.353905
3.353905373e-12,3.353905
3.353909381e-12,3.353909
3.354234876e-12,3.354235
3.354234876e-12,3.354235
3.354234879e-12,3.354235
3.354234945e-12,3.354235
3.354235011e-12,3.354235
3.354235012e-12,3.354235
3.354235012e-12,3.354235
3.354235080e-12,3.354235
3.354238949e-12,3.354239
3.354238953e-12,3.354239
3.354239016e-12,3.354239
3.354239084e-12,3.354239
3.354243091e-12,3.354243
3.354243091e-12,3.354243
3.354243157e-12,3.354243
3.354247164e-12,3.354247
3.354572662e-12,3.354573
3.354572662e-12,3.354573
3.354572662e-12,3.354573
3.354572730e-12,3.354573
3.354572732e-12,3.354573
3.354576734e-12,3.354577
3.354576735e-12,3.354577
3.354576803e-12,3.354577
3.354576803e-12,3.354577
3.354576804e-12,3.354577
3.354576870e-12,3.354577
3.354580807e-12,3.354581
3.354580875e-12,3.354581
3.354910584e-12,3.354911
3.354914587e-12,3.354915
3.355252306e-12,3.355252
3.355586018e-12,3.355586
3.355716838e-12,3.355717
3.355716974e-12,3.355717
3.355717039e-12,3.355717
3.355720910e-12,3.355721
3.355720910e-12,3.355721
3.355720912e-12,3.355721
3.355720912e-12,3.355721
3.355720913e-12,3.355721
3.355721046e-12,3.355721
3.355721048e-12,3.355721
3.355721114e-12,3.355721
3.355721182e-12,3.355721
3.355724984e-12,3.355725
3.355724985e-12,3.355725
3.355725050e-12,3.355725
3.355725050e-12,3.355725
3.355725053e-12,3.355725
3.355725118e-12,3.355725
3.355725118e-12,3.355725
3.355725119e-12,3.355725
3.355725186e-12,3.355725
3.355729059e-12,3.355729
3.355729126e-12,3.355729
3.355729126e-12,3.355729
3.355729260e-12,3.355729
3.355733129e-12,3.355733
3.355733130e-12,3.355733
3.356054622e-12,3.356055
3.356054622e-12,3.356055
3.356054623e-12,3.356055
3.356054624e-12,3.356055
3.356054624e-12,3.356055
3.356054690e-12,3.356055
3.356054690e-12,3.356055
3.356054692e-12,3.356055
3.356054757e-12,3.356055
3.356054758e-12,3.356055
3.356054758e-12,3.356055
3.356054759e-12,3.356055
3.356054826e-12,3.356055
3.356058695e-12,3.356059
3.356058696e-12,3.356059
3.356058696e-12,3.356059
3.356058696e-12,3.356059
3.356058697e-12,3.356059
3.356058764e-12,3.356059
3.356058764e-12,3.356059
3.356058764e-12,3.356059
3.356058764e-12,3.356059
3.356058764e-12,3.356059
3.356058765e-12,3.356059
3.356058765e-12,3.356059
3.356058830e-12,3.356059
3.356058830e-12,3.356059
3.356058830e-12,3.356059
3.356058831e-12,3.356059
3.356058831e-12,3.356059
3.356058831e-12,3.356059
3.356058832e-12,3.356059
3.356058899e-12,3.356059
3.356062768e-12,3.356063
3.356062768e-12,3.356063
3.356062770e-12,3.356063
3.356062770e-12,3.356063
3.356062836e-12,3.356063
3.356062836e-12,3.356063
3.356062837e-12,3.356063
3.356062837e-12,3.356063
3.356062837e-12,3.356063
3.356062838e-12,3.356063
3.356062839e-12,3.356063
3.356062904e-12,3.356063
3.356062904e-12,3.356063
3.356066842e-12,3.356067
3.356066909e-12,3.356067
3.356066911e-12,3.356067
3.356392407e-12,3.356392
3.356392408e-12,3.356392
3.356392409e-12,3.356392
3.356392476e-12,3.356392
3.356392478e-12,3.356392
3.356392610e-12,3.356393
3.356396480e-12,3.356396
3.356396548e-12,3.356397
3.356396548e-12,3.356397
3.356396549e-12,3.356397
3.356396549e-12,3.356397
3.356396549e-12,3.356397
3.356396549e-12,3.356397
3.356396549e-12,3.356397
3.356396551e-12,3.356397
3.356400553e-12,3.356401
3.356400554e-12,3.356401
3.356400554e-12,3.356401
3.356400554e-12,3.356401
3.356400621e-12,3.356401
3.356400621e-12,3.356401
3.356400689e-12,3.356401
3.356730193e-12,3.356730
3.356730260e-12,3.356730
3.356730261e-12,3.356730
3.356730261e-12,3.356730
3.356730261e-12,3.356730
3.356730330e-12,3.356730
3.356730395e-12,3.356730
3.356734266e-12,3.356734
3.356734266e-12,3.356734
3.356734266e-12,3.356734
3.356734269e-12,3.356734
3.356734333e-12,3.356734
3.356738338e-12,3.356738
3.356738406e-12,3.356738
3.357068045e-12,3.357068
3.357072051e-12,3.357072
3.358493458e-12,3.358493
3.358497532e-12,3.358498
3.358831246e-12,3.358831
3.358835319e-12,3.358835
3.359173169e-12,3.359173
3.359173237e-12,3.359173
3.360313206e-12,3.360313
3.360313208e-12,3.360313
3.360313274e-12,3.360313
3.360313274e-12,3.360313
3.360313274e-12,3.360313
3.360313339e-12,3.360313
3.360317279e-12,3.360317
3.360317345e-12,3.360317
3.360317345e-12,3.360317
3.360317345e-12,3.360317
3.360317345e-12,3.360317
3.360317346e-12,3.360317
3.360317346e-12,3.360317
3.360317348e-12,3.360317
3.360317412e-12,3.360317
3.360317414e-12,3.360317
3.360317414e-12,3.360317
3.360321418e-12,3.360321
3.360321418e-12,3.360321
3.360321486e-12,3.360321
3.360321487e-12,3.360321
3.360325426e-12,3.360325
3.360650989e-12,3.360651
3.360650990e-12,3.360651
3.360650991e-12,3.360651
3.360650992e-12,3.360651
3.360650992e-12,3.360651
3.360651057e-12,3.360651
3.360651057e-12,3.360651
3.360655063e-12,3.360655
3.360655063e-12,3.360655
3.360655063e-12,3.360655
3.360655130e-12,3.360655
3.360655130e-12,3.360655
3.360655130e-12,3.360655
3.360655131e-12,3.360655
3.360655131e-12,3.360655
3.360655198e-12,3.360655
3.360655199e-12,3.360655
3.360655265e-12,3.360655
3.360659136e-12,3.360659
3.360659136e-12,3.360659
3.360659203e-12,3.360659
3.360659204e-12,3.360659
3.360659204e-12,3.360659
3.360988775e-12,3.360989
3.360988843e-12,3.360989
3.360988843e-12,3.360989
3.360988844e-12,3.360989
3.360992850e-12,3.360993
3.360992915e-12,3.360993
3.360992916e-12,3.360993
3.361000994e-12,3.361001
3.361326561e-12,3.361327
3.361330633e-12,3.361331
3.361330634e-12,3.361331
3.362132950e-12,3.362133
3.362132951e-12,3.362133
3.362132951e-12,3.362133
3.362132952e-12,3.362133
3.362132952e-12,3.362133
3.362133019e-12,3.362133
3.362133020e-12,3.362133
3.362133020e-12,3.362133
3.362133087e-12,3.362133
3.362133087e-12,3.362133
3.362133155e-12,3.362133
3.362137023e-12,3.362137
3.362137024e-12,3.362137
3.362137026e-12,3.362137
3.362137093e-12,3.362137
3.362137094e-12,3.362137
3.362137226e-12,3.362137
3.362137226e-12,3.362137
3.362137228e-12,3.362137
3.362141097e-12,3.362141
3.362141232e-12,3.362141
3.362470804e-12,3.362471
3.362470872e-12,3.362471
3.362470873e-12,3.362471
3.362474808e-12,3.362475
3.362474809e-12,3.362475
3.362474809e-12,3.362475
3.362474876e-12,3.362475
3.362474876e-12,3.362475
3.362474876e-12,3.362475
3.362474876e-12,3.362475
3.362474878e-12,3.362475
3.362474944e-12,3.362475
3.362474944e-12,3.362475
3.362474945e-12,3.362475
3.362478882e-12,3.362479
3.362478883e-12,3.362479
3.362478949e-12,3.362479
3.362478949e-12,3.362479
3.362482956e-12,3.362483
3.362483022e-12,3.362483
3.362483024e-12,3.362483
3.362808521e-12,3.362809
3.362808523e-12,3.362809
3.362808588e-12,3.362809
3.362808590e-12,3.362809
3.362808590e-12,3.362809
3.362808590e-12,3.362809
3.362808656e-12,3.362809
3.362812661e-12,3.362813
3.362812797e-12,3.362813
3.362820740e-12,3.362821
3.362820742e-12,3.362821
3.363146373e-12,3.363146
3.363150380e-12,3.363150
3.363150446e-12,3.363150
3.363154520e-12,3.363155
3.364909640e-12,3.364910
3.364909640e-12,3.364910
3.364913712e-12,3.364914
3.364913713e-12,3.364914
3.365247358e-12,3.365247
3.365247426e-12,3.365247
3.365251497e-12,3.365251
3.366729385e-12,3.366729
3.366729385e-12,3.366729
3.366729387e-12,3.366729
3.366729521e-12,3.366730
3.366733392e-12,3.366733
3.366733393e-12,3.366733
3.366733459e-12,3.366733
3.366733459e-12,3.366733
3.366733594e-12,3.366734
3.366737465e-12,3.366737
3.366737533e-12,3.366738
3.366741605e-12,3.366742
3.367067103e-12,3.367067
3.367067170e-12,3.367067
3.367067170e-12,3.367067
3.367067170e-12,3.367067
3.367067170e-12,3.367067
3.367067238e-12,3.367067
3.367067238e-12,3.367067
3.367067239e-12,3.367067
3.367071177e-12,3.367071
3.367071177e-12,3.367071
3.367071245e-12,3.367071
3.367075250e-12,3.367075
3.367075250e-12,3.367075
3.367075317e-12,3.367075
3.367404888e-12,3.367405
3.367404890e-12,3.367405
3.367405024e-12,3.367405
3.367408961e-12,3.367409
3.367408962e-12,3.367409
3.367742674e-12,3.367743
3.367746747e-12,3.367747
3.368549065e-12,3.368549
3.368549131e-12,3.368549
3.368549200e-12,3.368549
3.368553137e-12,3.368553
3.368553138e-12,3.368553
3.368553138e-12,3.368553
3.368886850e-12,3.368887
3.368886917e-12,3.368887
3.368890922e-12,3.368891
3.368891057e-12,3.368891
3.368894995e-12,3.368895
3.368895063e-12,3.368895
3.369224634e-12,3.369225
3.369224636e-12,3.369225
3.369228708e-12,3.369229
3.369562419e-12,3.369562
3.371333831e-12,3.371334
3.373145432e-12,3.373145
3.373145566e-12,3.373146
3.373153578e-12,3.373154
3.373153645e-12,3.373154
3.373483216e-12,3.373483
3.373483218e-12,3.373483
3.373483284e-12,3.373483
3.373483285e-12,3.373483
3.374965246e-12,3.374965
3.374973391e-12,3.374973
3.375303099e-12,3.375303
3.375311109e-12,3.375311
3.375640747e-12,3.375641
3.375644888e-12,3.375645
3.379712332e-12,3.379712
3.379712399e-12,3.379712
3.379716402e-12,3.379716
3.379716537e-12,3.379717
3.379716607e-12,3.379717
3.379716673e-12,3.379717
3.379716673e-12,3.379717
3.379716674e-12,3.379717
3.379720612e-12,3.379721
3.379720614e-12,3.379721
3.379720681e-12,3.379721
3.380050116e-12,3.380050
3.380050116e-12,3.380050
3.380050117e-12,3.380050
3.380050250e-12,3.380050
3.380054188e-12,3.380054
3.380054188e-12,3.380054
3.380054258e-12,3.380054
3.380054323e-12,3.380054
3.380054323e-12,3.380054
3.380054394e-12,3.380054
3.380058328e-12,3.380058
3.380058329e-12,3.380058
3.380058395e-12,3.380058
3.380058395e-12,3.380058
3.380058396e-12,3.380058
3.380062337e-12,3.380062
3.380062468e-12,3.380062
3.380066407e-12,3.380066
3.380066542e-12,3.380067
3.380070616e-12,3.380071
3.380387900e-12,3.380388
3.380387903e-12,3.380388
3.380388037e-12,3.380388
3.380388102e-12,3.380388
3.380391973e-12,3.380392
3.380391975e-12,3.380392
3.380392042e-12,3.380392
3.380396115e-12,3.380396
3.380396115e-12,3.380396
3.380396115e-12,3.380396
3.380725754e-12,3.380726
3.380729826e-12,3.380730
3.380729895e-12,3.380730
3.380733898e-12,3.380734
3.380738040e-12,3.380738
3.381063469e-12,3.381063
3.384308765e-12,3.384309
3.384308766e-12,3.384309
3.384308767e-12,3.384309
3.384308833e-12,3.384309
3.384308901e-12,3.384309
3.384312769e-12,3.384313
3.384312771e-12,3.384313
3.384312838e-12,3.384313
3.384312839e-12,3.384313
3.384312972e-12,3.384313
3.384316843e-12,3.384317
3.384316844e-12,3.384317
3.384316846e-12,3.384317
3.384316980e-12,3.384317
3.384317113e-12,3.384317
3.384329130e-12,3.384329
3.384646481e-12,3.384646
3.384646616e-12,3.384647
3.384646617e-12,3.384647
3.384646617e-12,3.384647
3.384646685e-12,3.384647
3.384650555e-12,3.384651
3.384650555e-12,3.384651
3.384650556e-12,3.384651
3.384650622e-12,3.384651
3.384650623e-12,3.384651
3.384650623e-12,3.384651
3.384650624e-12,3.384651
3.384650624e-12,3.384651
3.384650690e-12,3.384651
3.384650690e-12,3.384651
3.384650690e-12,3.384651
3.384650691e-12,3.384651
3.384650757e-12,3.384651
3.384650757e-12,3.384651
3.384650757e-12,3.384651
3.384654627e-12,3.384655
3.384654629e-12,3.384655
3.384654630e-12,3.384655
3.384654630e-12,3.384655
3.384654695e-12,3.384655
3.384654696e-12,3.384655
3.384654696e-12,3.384655
3.384654764e-12,3.384655
3.384654764e-12,3.384655
3.384654764e-12,3.384655
3.384658701e-12,3.384659
3.384658702e-12,3.384659
3.384662842e-12,3.384663
3.384662842e-12,3.384663
3.384984267e-12,3.384984
3.384984267e-12,3.384984
3.384984268e-12,3.384984
3.384984268e-12,3.384984
3.384984335e-12,3.384984
3.384984335e-12,3.384984
3.384984404e-12,3.384984
3.384984471e-12,3.384984
3.384988339e-12,3.384988
3.384988341e-12,3.384988
3.384988342e-12,3.384988
3.384988343e-12,3.384988
3.384988408e-12,3.384988
3.384988408e-12,3.384988
3.384988475e-12,3.384988
3.384988477e-12,3.384988
3.384988477e-12,3.384988
3.384992413e-12,3.384992
3.384992415e-12,3.384992
3.384992480e-12,3.384992
3.384992548e-12,3.384993
3.385000627e-12,3.385001
3.385322053e-12,3.385322
3.385322119e-12,3.385322
3.385322188e-12,3.385322
3.385326192e-12,3.385326
3.385326260e-12,3.385326
3.385326260e-12,3.385326
3.385326261e-12,3.385326
3.385330198e-12,3.385330
3.385330333e-12,3.385330
3.386128512e-12,3.386129
3.386128580e-12,3.386129
3.386132517e-12,3.386133
3.386132518e-12,3.386133
3.386132518e-12,3.386133
3.386132519e-12,3.386133
3.386132584e-12,3.386133
3.386132651e-12,3.386133
3.386132651e-12,3.386133
3.386132651e-12,3.386133
3.386132653e-12,3.386133
3.386132654e-12,3.386133
3.386136657e-12,3.386137
3.386136657e-12,3.386137
3.386136657e-12,3.386137
3.386136658e-12,3.386137
3.386136725e-12,3.386137
3.386136725e-12,3.386137
3.386136725e-12,3.386137
3.386136793e-12,3.386137
3.386140798e-12,3.386141
3.386140864e-12,3.386141
3.386144802e-12,3.386145
3.386466227e-12,3.386466
3.386466228e-12,3.386466
3.386466232e-12,3.386466
3.386466296e-12,3.386466
3.386466297e-12,3.386466
3.386466365e-12,3.386466
3.386466366e-12,3.386466
3.386470306e-12,3.386470
3.386470368e-12,3.386470
3.386470369e-12,3.386470
3.386470370e-12,3.386470
3.386470370e-12,3.386470
3.386470371e-12,3.386470
3.386470437e-12,3.386470
3.386470438e-12,3.386470
3.386470504e-12,3.386471
3.386470571e-12,3.386471
3.386474373e-12,3.386474
3.386474441e-12,3.386474
3.386474444e-12,3.386474
3.386474511e-12,3.386475
3.386474511e-12,3.386475
3.386478447e-12,3.386478
3.386478514e-12,3.386479
3.386482588e-12,3.386483
3.386804013e-12,3.386804
3.386804015e-12,3.386804
3.386804082e-12,3.386804
3.386804149e-12,3.386804
3.386808087e-12,3.386808
3.386808153e-12,3.386808
3.386808153e-12,3.386808
3.386808154e-12,3.386808
3.386808155e-12,3.386808
3.386808155e-12,3.386808
3.386808221e-12,3.386808
3.386808221e-12,3.386808
3.386808222e-12,3.386808
3.386808222e-12,3.386808
3.386808223e-12,3.386808
3.386808223e-12,3.386808
3.386808288e-12,3.386808
3.386812160e-12,3.386812
3.386812226e-12,3.386812
3.386812227e-12,3.386812
3.386812228e-12,3.386812
3.386812294e-12,3.386812
3.386816300e-12,3.386816
3.387141934e-12,3.387142
3.387141935e-12,3.387142
3.387145873e-12,3.387146
3.387149945e-12,3.387150
3.387150079e-12,3.387150
3.387154086e-12,3.387154
3.387154087e-12,3.387154
3.388155154e-12,3.388155
3.388905063e-12,3.388905
3.388905064e-12,3.388905
3.388905132e-12,3.388905
3.388905200e-12,3.388905
3.388909137e-12,3.388909
3.388909139e-12,3.388909
3.388909204e-12,3.388909
3.388909205e-12,3.388909
3.388909205e-12,3.388909
3.388913211e-12,3.388913
3.388913278e-12,3.388913
3.388917283e-12,3.388917
3.389242849e-12,3.389243
3.389242916e-12,3.389243
3.389242917e-12,3.389243
3.389242986e-12,3.389243
3.389246923e-12,3.389247
3.389246991e-12,3.389247
3.389251063e-12,3.389251
3.389580703e-12,3.389581
3.389580704e-12,3.389581
3.389580704e-12,3.389581
3.389918487e-12,3.389918
3.389922492e-12,3.389922
3.390724878e-12,3.390725
3.390724878e-12,3.390725
3.390724879e-12,3.390725
3.390724879e-12,3.390725
3.390724879e-12,3.390725
3.390724946e-12,3.390725
3.390724946e-12,3.390725
3.390724947e-12,3.390725
3.390724947e-12,3.390725
3.390724947e-12,3.390725
3.390725012e-12,3.390725
3.390728885e-12,3.390729
3.390728885e-12,3.390729
3.390728885e-12,3.390729
3.390728885e-12,3.390729
3.390728950e-12,3.390729
3.390728951e-12,3.390729
3.390728951e-12,3.390729
3.390728952e-12,3.390729
3.390728952e-12,3.390729
3.390729019e-12,3.390729
3.390729020e-12,3.390729
3.390729020e-12,3.390729
3.390729153e-12,3.390729
3.390732957e-12,3.390733
3.390732957e-12,3.390733
3.390732959e-12,3.390733
3.390733023e-12,3.390733
3.390733023e-12,3.390733
3.390733024e-12,3.390733
3.390733025e-12,3.390733
3.390733026e-12,3.390733
3.390733091e-12,3.390733
3.390733159e-12,3.390733
3.390737031e-12,3.390737
3.390737232e-12,3.390737
3.390741170e-12,3.390741
3.391062595e-12,3.391063
3.391062595e-12,3.391063
3.391062596e-12,3.391063
3.391062596e-12,3.391063
3.391062597e-12,3.391063
3.391062597e-12,3.391063
3.391062598e-12,3.391063
3.391062663e-12,3.391063
3.391062663e-12,3.391063
3.391062664e-12,3.391063
3.391062664e-12,3.391063
3.391062664e-12,3.391063
3.391062664e-12,3.391063
3.391062666e-12,3.391063
3.391062730e-12,3.391063
3.391062730e-12,3.391063
3.391062731e-12,3.391063
3.391062731e-12,3.391063
3.391062732e-12,3.391063
3.391066668e-12,3.391067
3.391066669e-12,3.391067
3.391066669e-12,3.391067
3.391066669e-12,3.391067
3.391066669e-12,3.391067
3.391066670e-12,3.391067
3.391066735e-12,3.391067
3.391066735e-12,3.391067
3.391066735e-12,3.391067
3.391066737e-12,3.391067
3.391066737e-12,3.391067
3.391066737e-12,3.391067
3.391066738e-12,3.391067
3.391066803e-12,3.391067
3.391066803e-12,3.391067
3.391070741e-12,3.391071
3.391070741e-12,3.391071
3.391070743e-12,3.391071
3.391070743e-12,3.391071
3.391070809e-12,3.391071
3.391070809e-12,3.391071
3.391070809e-12,3.391071
3.391070809e-12,3.391071
3.391070877e-12,3.391071
3.391070945e-12,3.391071
3.391074814e-12,3.391075
3.391074882e-12,3.391075
3.391074883e-12,3.391075
3.391074883e-12,3.391075
3.391400380e-12,3.391400
3.391400381e-12,3.391400
3.391400447e-12,3.391400
3.391400447e-12,3.391400
3.391400450e-12,3.391400
3.391400450e-12,3.391400
3.391400515e-12,3.391401
3.391400515e-12,3.391401
3.391404453e-12,3.391404
3.391404453e-12,3.391404
3.391404454e-12,3.391404
3.391404521e-12,3.391405
3.391404522e-12,3.391405
3.391404522e-12,3.391405
3.391404588e-12,3.391405
3.391404656e-12,3.391405
3.391408594e-12,3.391409
3.391408594e-12,3.391409
3.391408594e-12,3.391409
3.391408595e-12,3.391409
3.391742307e-12,3.391742
3.391742374e-12,3.391742
3.392076018e-12,3.392076
3.392080092e-12,3.392080
3.392544558e-12,3.392545
3.392544624e-12,3.392545
3.392544624e-12,3.392545
3.392544625e-12,3.392545
3.392544693e-12,3.392545
3.392544693e-12,3.392545
3.392544827e-12,3.392545
3.392544828e-12,3.392545
3.392548630e-12,3.392549
3.392548764e-12,3.392549
3.392548834e-12,3.392549
3.392552771e-12,3.392553
3.392552905e-12,3.392553
3.392556911e-12,3.392557
3.392560850e-12,3.392561
3.392882342e-12,3.392882
3.392882410e-12,3.392882
3.392882410e-12,3.392882
3.392882410e-12,3.392882
3.392882412e-12,3.392882
3.392882477e-12,3.392882
3.392882477e-12,3.392882
3.392882478e-12,3.392882
3.392886416e-12,3.392886
3.392886418e-12,3.392886
3.392886484e-12,3.392886
3.392886484e-12,3.392886
3.392886484e-12,3.392886
3.392886484e-12,3.392886
3.392886550e-12,3.392887
3.392890487e-12,3.392890
3.392890488e-12,3.392890
3.392890557e-12,3.392891
3.392890557e-12,3.392891
3.392890557e-12,3.392891
3.392890559e-12,3.392891
3.392890622e-12,3.392891
3.392894560e-12,3.392895
3.392894695e-12,3.392895
3.392898636e-12,3.392899
3.393220126e-12,3.393220
3.393220126e-12,3.393220
3.393220193e-12,3.393220
3.393220195e-12,3.393220
3.393220196e-12,3.393220
3.393220261e-12,3.393220
3.393220262e-12,3.393220
3.393220262e-12,3.393220
3.393224335e-12,3.393224
3.393224335e-12,3.393224
3.393224404e-12,3.393224
3.393228273e-12,3.393228
3.393228277e-12,3.393228
3.393228340e-12,3.393228
3.393232481e-12,3.393232
3.393501634e-12,3.393502
3.393505504e-12,3.393506
3.393505573e-12,3.393506
3.393557980e-12,3.393558
3.393557981e-12,3.393558
3.393562052e-12,3.393562
3.393562054e-12,3.393562
3.393562121e-12,3.393562
3.393907984e-12,3.393908
3.395321177e-12,3.395321
3.395321178e-12,3.395321
3.395321178e-12,3.395321
3.395321178e-12,3.395321
3.395321179e-12,3.395321
3.395325250e-12,3.395325
3.395325252e-12,3.395325
3.395325319e-12,3.395325
3.395325385e-12,3.395325
3.395325388e-12,3.395325
3.395329324e-12,3.395329
3.395333396e-12,3.395333
3.395333396e-12,3.395333
3.395333398e-12,3.395333
3.395658962e-12,3.395659
3.395658963e-12,3.395659
3.395658964e-12,3.395659
3.395659031e-12,3.395659
3.395659031e-12,3.395659
3.395659031e-12,3.395659
3.395659166e-12,3.395659
3.395663035e-12,3.395663
3.395667108e-12,3.395667
3.395671183e-12,3.395671
3.395996816e-12,3.395997
3.395996816e-12,3.395997
3.396000820e-12,3.396001
3.396000888e-12,3.396001
3.396000889e-12,3.396001
3.397140990e-12,3.397141
3.397140990e-12,3.397141
3.397140992e-12,3.397141
3.397140992e-12,3.397141
3.397140992e-12,3.397141
3.397140993e-12,3.397141
3.397140994e-12,3.397141
3.397140994e-12,3.397141
3.397141059e-12,3.397141
3.397141059e-12,3.397141
3.397141059e-12,3.397141
3.397141060e-12,3.397141
3.397141127e-12,3.397141
3.397144998e-12,3.397145
3.397145065e-12,3.397145
3.397145065e-12,3.397145
3.397145065e-12,3.397145
3.397145065e-12,3.397145
3.397145066e-12,3.397145
3.397149069e-12,3.397149
3.397149070e-12,3.397149
3.397149137e-12,3.397149
3.397149138e-12,3.397149
3.397149205e-12,3.397149
3.397149205e-12,3.397149
3.397153145e-12,3.397153
3.397153211e-12,3.397153
3.397478708e-12,3.397479
3.397478709e-12,3.397479
3.397478709e-12,3.397479
3.397478709e-12,3.397479
3.397478709e-12,3.397479
3.397478710e-12,3.397479
3.397478776e-12,3.397479
3.397478776e-12,3.397479
3.397478777e-12,3.397479
3.397478777e-12,3.397479
3.397478778e-12,3.397479
3.397478778e-12,3.397479
3.397478778e-12,3.397479
3.397478911e-12,3.397479
3.397482782e-12,3.397483
3.397482782e-12,3.397483
3.397482782e-12,3.397483
3.397482785e-12,3.397483
3.397482849e-12,3.397483
3.397482849e-12,3.397483
3.397482850e-12,3.397483
3.397482917e-12,3.397483
3.397482918e-12,3.397483
3.397486922e-12,3.397487
3.397486923e-12,3.397487
3.397486990e-12,3.397487
3.397486990e-12,3.397487
3.397816493e-12,3.397816
3.397816561e-12,3.397817
3.397816629e-12,3.397817
3.397820568e-12,3.397821
3.397820568e-12,3.397821
3.397820635e-12,3.397821
3.397824640e-12,3.397825
3.397824640e-12,3.397825
3.397824641e-12,3.397825
3.398154279e-12,3.398154
3.398158352e-12,3.398158
3.398162425e-12,3.398162
3.398960738e-12,3.398961
3.398960804e-12,3.398961
3.398960806e-12,3.398961
3.398964744e-12,3.398965
3.399298454e-12,3.399298
3.399298525e-12,3.399299
3.399302528e-12,3.399303
3.399302595e-12,3.399303
3.399302598e-12,3.399303
3.399302664e-12,3.399303
3.399636242e-12,3.399636
3.399640313e-12,3.399640
3.399640380e-12,3.399640
3.399640449e-12,3.399640
3.399648459e-12,3.399648
3.399921753e-12,3.399922
3.399974093e-12,3.399974
3.399974160e-12,3.399974
3.399978098e-12,3.399978
3.400593116e-12,3.400593
3.401737293e-12,3.401737
3.402075077e-12,3.402075
3.402412928e-12,3.402413
3.403565250e-12,3.403565
3.403894824e-12,3.403895
3.403894890e-12,3.403895
3.403894957e-12,3.403895
3.403894958e-12,3.403895
3.403898962e-12,3.403899
3.403899030e-12,3.403899
3.403902968e-12,3.403903
3.403903036e-12,3.403903
3.403903036e-12,3.403903
3.404232607e-12,3.404233
3.404232607e-12,3.404233
3.404236749e-12,3.404237
3.404240753e-12,3.404241
3.404570392e-12,3.404570
3.404574465e-12,3.404574
3.405380857e-12,3.405381
3.405380923e-12,3.405381
3.405380924e-12,3.405381
3.405384930e-12,3.405385
3.405385065e-12,3.405385
3.405385065e-12,3.405385
3.405714635e-12,3.405715
3.405718710e-12,3.405719
3.406060567e-12,3.406061
3.406390273e-12,3.406390
3.406390273e-12,3.406390
3.408153473e-12,3.408153
3.408491190e-12,3.408491
3.409973150e-12,3.409973
3.410648720e-12,3.410649
3.410652795e-12,3.410653
3.412130750e-12,3.412131
3.412134754e-12,3.412135
3.414720372e-12,3.414720
3.414720508e-12,3.414721
3.414724376e-12,3.414724
3.414724377e-12,3.414724
3.414724381e-12,3.414724
3.414724444e-12,3.414724
3.414724511e-12,3.414725
3.414724513e-12,3.414725
3.414724580e-12,3.414725
3.414728450e-12,3.414728
3.414728585e-12,3.414729
3.414728585e-12,3.414729
3.414728653e-12,3.414729
3.414728721e-12,3.414729
3.414732589e-12,3.414733
3.414732590e-12,3.414733
3.414732591e-12,3.414733
3.414732592e-12,3.414733
3.414732593e-12,3.414733
3.414732725e-12,3.414733
3.414732726e-12,3.414733
3.414736665e-12,3.414737
3.414740668e-12,3.414741
3.415058089e-12,3.415058
3.415058090e-12,3.415058
3.415058091e-12,3.415058
3.415058155e-12,3.415058
3.415058156e-12,3.415058
3.415058156e-12,3.415058
3.415058157e-12,3.415058
3.415058223e-12,3.415058
3.415058357e-12,3.415058
3.415058358e-12,3.415058
3.415062162e-12,3.415062
3.415062164e-12,3.415062
3.415062228e-12,3.415062
3.415062228e-12,3.415062
3.415062230e-12,3.415062
3.415062230e-12,3.415062
3.415062296e-12,3.415062
3.415066235e-12,3.415066
3.415066301e-12,3.415066
3.415066301e-12,3.415066
3.415066303e-12,3.415066
3.415066303e-12,3.415066
3.415066303e-12,3.415066
3.415066369e-12,3.415066
3.415066437e-12,3.415066
3.415070306e-12,3.415070
3.415070375e-12,3.415070
3.415070376e-12,3.415070
3.415070443e-12,3.415070
3.415078521e-12,3.415079
3.415395875e-12,3.415396
3.415395942e-12,3.415396
3.415395942e-12,3.415396
3.415396008e-12,3.415396
3.415400014e-12,3.415400
3.415400014e-12,3.415400
3.415400015e-12,3.415400
3.415400080e-12,3.415400
3.415400080e-12,3.415400
3.415400149e-12,3.415400
3.415404019e-12,3.415404
3.415404020e-12,3.415404
3.415404020e-12,3.415404
3.415404087e-12,3.415404
3.415404088e-12,3.415404
3.415404221e-12,3.415404
3.415404222e-12,3.415404
3.415404223e-12,3.415404
3.415408094e-12,3.415408
3.415733657e-12,3.415734
3.415733660e-12,3.415734
3.415733726e-12,3.415734
3.415733792e-12,3.415734
3.415737798e-12,3.415738
3.415737933e-12,3.415738
3.415741871e-12,3.415742
3.415741871e-12,3.415742
3.415745877e-12,3.415746
3.416071511e-12,3.416072
3.416075718e-12,3.416076
3.419316736e-12,3.419317
3.419316741e-12,3.419317
3.419316806e-12,3.419317
3.419316874e-12,3.419317
3.419320743e-12,3.419321
3.419320744e-12,3.419321
3.419320811e-12,3.419321
3.419320811e-12,3.419321
3.419320811e-12,3.419321
3.419320812e-12,3.419321
3.419320812e-12,3.419321
3.419320877e-12,3.419321
3.419320877e-12,3.419321
3.419320878e-12,3.419321
3.419320878e-12,3.419321
3.419324815e-12,3.419325
3.419324883e-12,3.419325
3.419324884e-12,3.419325
3.419324885e-12,3.419325
3.419324950e-12,3.419325
3.419324952e-12,3.419325
3.419324952e-12,3.419325
3.419328888e-12,3.419329
3.419328888e-12,3.419329
3.419328957e-12,3.419329
3.419654456e-12,3.419654
3.419654456e-12,3.419654
3.419654456e-12,3.419654
3.419654525e-12,3.419655
3.419654589e-12,3.419655
3.419654590e-12,3.419655
3.419654592e-12,3.419655
3.419658528e-12,3.419659
3.419658528e-12,3.419659
3.419658528e-12,3.419659
3.419658529e-12,3.419659
3.419658531e-12,3.419659
3.419658531e-12,3.419659
3.419658595e-12,3.419659
3.419658598e-12,3.419659
3.419658730e-12,3.419659
3.419662601e-12,3.419663
3.419662601e-12,3.419663
3.419662604e-12,3.419663
3.419662668e-12,3.419663
3.419662669e-12,3.419663
3.419662736e-12,3.419663
3.419666741e-12,3.419667
3.419666742e-12,3.419667
3.419992307e-12,3.419992
3.419992375e-12,3.419992
3.419992442e-12,3.419992
3.419996314e-12,3.419996
3.419996380e-12,3.419996
3.419996380e-12,3.419996
3.419996381e-12,3.419996
3.420000386e-12,3.420000
3.420000453e-12,3.420000
3.420000454e-12,3.420000
3.420004460e-12,3.420004
3.420330024e-12,3.420330
3.420330093e-12,3.420330
3.420330093e-12,3.420330
3.420334166e-12,3.420334
3.420334166e-12,3.420334
3.421136418e-12,3.421136
3.421136482e-12,3.421136
3.421136485e-12,3.421136
3.421136485e-12,3.421136
3.421136485e-12,3.421136
3.421136554e-12,3.421137
3.421140489e-12,3.421140
3.421140490e-12,3.421140
3.421140557e-12,3.421141
3.421140557e-12,3.421141
3.421140557e-12,3.421141
3.421140558e-12,3.421141
3.421140558e-12,3.421141
3.421140623e-12,3.421141
3.421144561e-12,3.421145
3.421144562e-12,3.421145
3.421144563e-12,3.421145
3.421144565e-12,3.421145
3.421144630e-12,3.421145
3.421144698e-12,3.421145
3.421144700e-12,3.421145
3.421148636e-12,3.421149
3.421474201e-12,3.421474
3.421474201e-12,3.421474
3.421474202e-12,3.421474
3.421474269e-12,3.421474
3.421474270e-12,3.421474
3.421474270e-12,3.421474
3.421474270e-12,3.421474
3.421474271e-12,3.421474
3.421474271e-12,3.421474
3.421474336e-12,3.421474
3.421474337e-12,3.421474
3.421474337e-12,3.421474
3.421474403e-12,3.421474
3.421474404e-12,3.421474
3.421474404e-12,3.421474
3.421474405e-12,3.421474
3.421478274e-12,3.421478
3.421478278e-12,3.421478
3.421478341e-12,3.421478
3.421478341e-12,3.421478
3.421478341e-12,3.421478
3.421478341e-12,3.421478
3.421478342e-12,3.421478
3.421478342e-12,3.421478
3.421478342e-12,3.421478
3.421478343e-12,3.421478
3.421478343e-12,3.421478
3.421478344e-12,3.421478
3.421478408e-12,3.421478
3.421478408e-12,3.421478
3.421478410e-12,3.421478
3.421478410e-12,3.421478
3.421478410e-12,3.421478
3.421478411e-12,3.421478
3.421478411e-12,3.421478
3.421478412e-12,3.421478
3.421478476e-12,3.421478
3.421478477e-12,3.421478
3.421478544e-12,3.421479
3.421482346e-12,3.421482
3.421482348e-12,3.421482
3.421482348e-12,3.421482
3.421482415e-12,3.421482
3.421482416e-12,3.421482
3.421482484e-12,3.421482
3.421486420e-12,3.421486
3.421486421e-12,3.421486
3.421486488e-12,3.421486
3.421486488e-12,3.421486
3.421486555e-12,3.421487
3.421490629e-12,3.421491
3.421811985e-12,3.421812
3.421811985e-12,3.421812
3.421811987e-12,3.421812
3.421811987e-12,3.421812
3.421811987e-12,3.421812
3.421811990e-12,3.421812
3.421812053e-12,3.421812
3.421812053e-12,3.421812
3.421812055e-12,3.421812
3.421812120e-12,3.421812
3.421812121e-12,3.421812
3.421816058e-12,3.421816
3.421816060e-12,3.421816
3.421816060e-12,3.421816
3.421816060e-12,3.421816
3.421816061e-12,3.421816
3.421816127e-12,3.421816
3.421816127e-12,3.421816
3.421816194e-12,3.421816
3.421816195e-12,3.421816
3.421816261e-12,3.421816
3.421820134e-12,3.421820
3.421820134e-12,3.421820
3.421820267e-12,3.421820
3.421820335e-12,3.421820
3.422149840e-12,3.422150
3.422149840e-12,3.422150
3.422153912e-12,3.422154
3.422157917e-12,3.422158
3.422157984e-12,3.422158
3.422157984e-12,3.422158
3.422487556e-12,3.422488
3.422487624e-12,3.422488
3.422491629e-12,3.422492
3.423917109e-12,3.423917
3.424251024e-12,3.424251
3.424254962e-12,3.424255
3.424588607e-12,3.424589
3.424926460e-12,3.424926
3.425732782e-12,3.425733
3.425732783e-12,3.425733
3.425732851e-12,3.425733
3.425732852e-12,3.425733
3.425732852e-12,3.425733
3.425732853e-12,3.425733
3.425732920e-12,3.425733
3.425733053e-12,3.425733
3.425736857e-12,3.425737
3.425736858e-12,3.425737
3.425736923e-12,3.425737
3.425736923e-12,3.425737
3.425736923e-12,3.425737
3.425736923e-12,3.425737
3.425736925e-12,3.425737
3.425736925e-12,3.425737
3.425740930e-12,3.425741
3.425740931e-12,3.425741
3.425740931e-12,3.425741
3.425740996e-12,3.425741
3.425740997e-12,3.425741
3.425741064e-12,3.425741
3.425745003e-12,3.425745
3.425745070e-12,3.425745
3.425745071e-12,3.425745
3.425745137e-12,3.425745
3.425745137e-12,3.425745
3.426070567e-12,3.426071
3.426070567e-12,3.426071
3.426070569e-12,3.426071
3.426070635e-12,3.426071
3.426070635e-12,3.426071
3.426070635e-12,3.426071
3.426070635e-12,3.426071
3.426070636e-12,3.426071
3.426070636e-12,3.426071
3.426070703e-12,3.426071
3.426070703e-12,3.426071
3.426070770e-12,3.426071
3.426070772e-12,3.426071
3.426074642e-12,3.426075
3.426074643e-12,3.426075
3.426074643e-12,3.426075
3.426074708e-12,3.426075
3.426074708e-12,3.426075
3.426074708e-12,3.426075
3.426074709e-12,3.426075
3.426074709e-12,3.426075
3.426074709e-12,3.426075
3.426074711e-12,3.426075
3.426074776e-12,3.426075
3.426074776e-12,3.426075
3.426074776e-12,3.426075
3.426074777e-12,3.426075
3.426074844e-12,3.426075
3.426078714e-12,3.426079
3.426078714e-12,3.426079
3.426078714e-12,3.426079
3.426078783e-12,3.426079
3.426082855e-12,3.426083
3.426082855e-12,3.426083
3.426408420e-12,3.426408
3.426408421e-12,3.426408
3.426408424e-12,3.426408
3.426408488e-12,3.426408
3.426412428e-12,3.426412
3.426412495e-12,3.426412
3.426416567e-12,3.426417
3.426746139e-12,3.426746
3.426746139e-12,3.426746
3.426746140e-12,3.426746
3.427552530e-12,3.427553
3.427552597e-12,3.427553
3.427552597e-12,3.427553
3.427552599e-12,3.427553
3.427552665e-12,3.427553
3.427552733e-12,3.427553
3.427552799e-12,3.427553
3.427552801e-12,3.427553
3.427556601e-12,3.427557
3.427556669e-12,3.427557
3.427556670e-12,3.427557
3.427556670e-12,3.427557
3.427556670e-12,3.427557
3.427556672e-12,3.427557
3.427556737e-12,3.427557
3.427556738e-12,3.427557
3.427560676e-12,3.427561
3.427560743e-12,3.427561
3.427560746e-12,3.427561
3.427560810e-12,3.427561
3.427560810e-12,3.427561
3.427890315e-12,3.427890
3.427890316e-12,3.427890
3.427890381e-12,3.427890
3.427890381e-12,3.427890
3.427890382e-12,3.427890
3.427890382e-12,3.427890
3.427890383e-12,3.427890
3.427890450e-12,3.427890
3.427890450e-12,3.427890
3.427890450e-12,3.427890
3.427894388e-12,3.427894
3.427894388e-12,3.427894
3.427894388e-12,3.427894
3.427894388e-12,3.427894
3.427894454e-12,3.427894
3.427894454e-12,3.427894
3.427894455e-12,3.427894
3.427894455e-12,3.427894
3.427894455e-12,3.427894
3.427894455e-12,3.427894
3.427894455e-12,3.427894
3.427894457e-12,3.427894
3.427898460e-12,3.427898
3.427898460e-12,3.427898
3.427898461e-12,3.427898
3.427898462e-12,3.427898
3.427898463e-12,3.427898
3.427898529e-12,3.427899
3.427898529e-12,3.427899
3.427898531e-12,3.427899
3.427898595e-12,3.427899
3.427898595e-12,3.427899
3.427898596e-12,3.427899
3.427902536e-12,3.427903
3.427906675e-12,3.427907
3.428228100e-12,3.428228
3.428228100e-12,3.428228
3.428228100e-12,3.428228
3.428228166e-12,3.428228
3.428228167e-12,3.428228
3.428228167e-12,3.428228
3.428228167e-12,3.428228
3.428228235e-12,3.428228
3.428228236e-12,3.428228
3.428228302e-12,3.428228
3.428232172e-12,3.428232
3.428232172e-12,3.428232
3.428232307e-12,3.428232
3.428236380e-12,3.428236
3.428240318e-12,3.428240
3.428240319e-12,3.428240
3.428569958e-12,3.428570
3.428570026e-12,3.428570
3.428570026e-12,3.428570
3.430329152e-12,3.430329
3.430666936e-12,3.430667
3.430671008e-12,3.430671
3.432148896e-12,3.432149
3.432148898e-12,3.432149
3.432148963e-12,3.432149
3.432148965e-12,3.432149
3.432148965e-12,3.432149
3.432149033e-12,3.432149
3.432152970e-12,3.432153
3.432153037e-12,3.432153
3.432153037e-12,3.432153
3.432153038e-12,3.432153
3.432153104e-12,3.432153
3.432153104e-12,3.432153
3.432157042e-12,3.432157
3.432157111e-12,3.432157
3.432157177e-12,3.432157
3.432157179e-12,3.432157
3.432161183e-12,3.432161
3.432490754e-12,3.432491
3.432494895e-12,3.432495
3.432498968e-12,3.432499
3.432824466e-12,3.432824
3.432828539e-12,3.432829
3.432828541e-12,3.432829
3.432828607e-12,3.432829
3.433162253e-12,3.433162
3.433968643e-12,3.433969
3.433968643e-12,3.433969
3.433968643e-12,3.433969
3.433968709e-12,3.433969
3.433972715e-12,3.433973
3.433972715e-12,3.433973
3.433972786e-12,3.433973
3.433972850e-12,3.433973
3.434306495e-12,3.434306
3.434306497e-12,3.434306
3.434310501e-12,3.434311
3.434310501e-12,3.434311
3.434310502e-12,3.434311
3.434310568e-12,3.434311
3.434314709e-12,3.434315
3.434644281e-12,3.434644
3.434648421e-12,3.434648
3.434981997e-12,3.434982
3.434982066e-12,3.434982
3.434982066e-12,3.434982
3.434986071e-12,3.434986
3.434990145e-12,3.434990
3.436745332e-12,3.436745
3.438565010e-12,3.438565
3.438565145e-12,3.438565
3.438573223e-12,3.438573
3.438902863e-12,3.438903
3.438910942e-12,3.438911
3.439240647e-12,3.439241
3.440388899e-12,3.440389
3.440722542e-12,3.440723
3.440722608e-12,3.440723
3.440722611e-12,3.440723
3.440726681e-12,3.440727
3.443161379e-12,3.443161
3.444981123e-12,3.444981
3.445318908e-12,3.445319
3.445318976e-12,3.445319
3.449728275e-12,3.449728
3.449728278e-12,3.449728
3.449728342e-12,3.449728
3.449728343e-12,3.449728
3.449728409e-12,3.449728
3.449728546e-12,3.449729
3.449732348e-12,3.449732
3.449732416e-12,3.449732
3.449732483e-12,3.449732
3.449732551e-12,3.449733
3.449736423e-12,3.449736
3.449736489e-12,3.449736
3.449736489e-12,3.449736
3.449736489e-12,3.449736
3.449736490e-12,3.449736
3.449740496e-12,3.449740
3.449740563e-12,3.449741
3.450066130e-12,3.450066
3.450066195e-12,3.450066
3.450066196e-12,3.450066
3.450066196e-12,3.450066
3.450066197e-12,3.450066
3.450066331e-12,3.450066
3.450070133e-12,3.450070
3.450070134e-12,3.450070
3.450070200e-12,3.450070
3.450070201e-12,3.450070
3.450070201e-12,3.450070
3.450070202e-12,3.450070
3.450070205e-12,3.450070
3.450070268e-12,3.450070
3.450070269e-12,3.450070
3.450070270e-12,3.450070
3.450074206e-12,3.450074
3.450074207e-12,3.450074
3.450074207e-12,3.450074
3.450074274e-12,3.450074
3.450074275e-12,3.450074
3.450074275e-12,3.450074
3.450074276e-12,3.450074
3.450074409e-12,3.450074
3.450078415e-12,3.450078
3.450403845e-12,3.450404
3.450403845e-12,3.450404
3.450403848e-12,3.450404
3.450403912e-12,3.450404
3.450403913e-12,3.450404
3.450403913e-12,3.450404
3.450407918e-12,3.450408
3.450407919e-12,3.450408
3.450407987e-12,3.450408
3.450407988e-12,3.450408
3.450407988e-12,3.450408
3.450407988e-12,3.450408
3.450407988e-12,3.450408
3.450408054e-12,3.450408
3.450411992e-12,3.450412
3.450411994e-12,3.450412
3.450741699e-12,3.450742
3.454328715e-12,3.454329
3.454328783e-12,3.454329
3.454328850e-12,3.454329
3.454332790e-12,3.454333
3.454662498e-12,3.454662
3.454666569e-12,3.454667
3.454670642e-12,3.454671
3.455004353e-12,3.455004
3.455346144e-12,3.455346
3.455675784e-12,3.455676
3.456144388e-12,3.456144
3.456144458e-12,3.456144
3.456144458e-12,3.456144
3.456144460e-12,3.456144
3.456144523e-12,3.456145
3.456144524e-12,3.456145
3.456144658e-12,3.456145
3.456148462e-12,3.456148
3.456148463e-12,3.456148
3.456148463e-12,3.456148
3.456148530e-12,3.456149
3.456148531e-12,3.456149
3.456148596e-12,3.456149
3.456148597e-12,3.456149
3.456148597e-12,3.456149
3.456152602e-12,3.456153
3.456152603e-12,3.456153
3.456156607e-12,3.456157
3.456482173e-12,3.456482
3.456482174e-12,3.456482
3.456482175e-12,3.456482
3.456482241e-12,3.456482
3.456482242e-12,3.456482
3.456482242e-12,3.456482
3.456482243e-12,3.456482
3.456482244e-12,3.456482
3.456482308e-12,3.456482
3.456482308e-12,3.456482
3.456482309e-12,3.456482
3.456482310e-12,3.456482
3.456482377e-12,3.456482
3.456482377e-12,3.456482
3.456482377e-12,3.456482
3.456486247e-12,3.456486
3.456486247e-12,3.456486
3.456486247e-12,3.456486
3.456486247e-12,3.456486
3.456486314e-12,3.456486
3.456486314e-12,3.456486
3.456486316e-12,3.456486
3.456486384e-12,3.456486
3.456486384e-12,3.456486
3.456490319e-12,3.456490
3.456490320e-12,3.456490
3.456490322e-12,3.456490
3.456490388e-12,3.456490
3.456494393e-12,3.456494
3.456498466e-12,3.456498
3.456820027e-12,3.456820
3.456820096e-12,3.456820
3.456820096e-12,3.456820
3.456820161e-12,3.456820
3.456824100e-12,3.456824
3.456828105e-12,3.456828
3.456828106e-12,3.456828
3.456828172e-12,3.456828
3.456828173e-12,3.456828
3.457157743e-12,3.457158
3.457157746e-12,3.457158
3.457157879e-12,3.457158
3.457161818e-12,3.457162
3.457161885e-12,3.457162
3.457165890e-12,3.457166
3.457165890e-12,3.457166
3.457165959e-12,3.457166
3.457170031e-12,3.457170
3.457495530e-12,3.457496
3.460740755e-12,3.460741
3.460740756e-12,3.460741
3.460740756e-12,3.460741
3.460740757e-12,3.460741
3.460740823e-12,3.460741
3.460740825e-12,3.460741
3.460744828e-12,3.460745
3.460744828e-12,3.460745
3.460744831e-12,3.460745
3.460744897e-12,3.460745
3.460744897e-12,3.460745
3.460744964e-12,3.460745
3.460748902e-12,3.460749
3.460748902e-12,3.460749
3.460748903e-12,3.460749
3.461078543e-12,3.461079
3.461078677e-12,3.461079
3.461082616e-12,3.461083
3.461082616e-12,3.461083
3.461082681e-12,3.461083
3.461416326e-12,3.461416
3.461416327e-12,3.461416
3.461416529e-12,3.461417
3.461754111e-12,3.461754
3.461758185e-12,3.461758
3.462560637e-12,3.462561
3.462560638e-12,3.462561
3.462564574e-12,3.462565
3.462564574e-12,3.462565
3.462564577e-12,3.462565
3.462564642e-12,3.462565
3.462564644e-12,3.462565
3.462568649e-12,3.462569
3.462568649e-12,3.462569
3.462568650e-12,3.462569
3.462568715e-12,3.462569
3.462568783e-12,3.462569
3.462572721e-12,3.462573
3.462898286e-12,3.462898
3.462898288e-12,3.462898
3.462898355e-12,3.462898
3.462898355e-12,3.462898
3.462898355e-12,3.462898
3.462898422e-12,3.462898
3.462898424e-12,3.462898
3.462902361e-12,3.462902
3.462902361e-12,3.462902
3.462902361e-12,3.462902
3.462902428e-12,3.462902
3.462906435e-12,3.462906
3.463236074e-12,3.463236
3.463236140e-12,3.463236
3.463240146e-12,3.463240
3.463577930e-12,3.463578
3.467156936e-12,3.467157
3.467160943e-12,3.467161
3.467160944e-12,3.467161
3.467494654e-12,3.467495
3.467832508e-12,3.467833
3.468980757e-12,3.468981
3.468984829e-12,3.468985
3.469318473e-12,3.469318
3.469318541e-12,3.469319
3.469318541e-12,3.469319
3.473914841e-12,3.473915
3.473914841e-12,3.473915
3.475392730e-12,3.475393
3.475730515e-12,3.475731
3.484740389e-12,3.484740
3.484740389e-12,3.484740
3.484740456e-12,3.484740
3.484744530e-12,3.484745
3.484748602e-12,3.484749
3.485074169e-12,3.485074
3.485074236e-12,3.485074
3.485078175e-12,3.485078
3.485082249e-12,3.485082
3.485082314e-12,3.485082
3.485090327e-12,3.485090
3.485411818e-12,3.485412
3.485411819e-12,3.485412
3.485411819e-12,3.485412
3.485411820e-12,3.485412
3.485411889e-12,3.485412
3.485415961e-12,3.485416
3.485753744e-12,3.485754
3.485753745e-12,3.485754
3.486425173e-12,3.486425
3.489332616e-12,3.489333
3.489336755e-12,3.489337
3.489674474e-12,3.489674
3.490008186e-12,3.490008
3.490683757e-12,3.490684
3.491152429e-12,3.491152
3.491156569e-12,3.491157
3.491490147e-12,3.491490
3.491490282e-12,3.491490
3.491494287e-12,3.491494
3.491494288e-12,3.491494
3.491498428e-12,3.491498
3.491828066e-12,3.491828
3.491832007e-12,3.491832
3.491836145e-12,3.491836
3.492165784e-12,3.492166
3.492169790e-12,3.492170
3.495748728e-12,3.495749
3.495748797e-12,3.495749
3.495748863e-12,3.495749
3.495752801e-12,3.495753
3.496090587e-12,3.496091
3.496090654e-12,3.496091
3.497568475e-12,3.497568
3.497568543e-12,3.497569
3.497568543e-12,3.497569
3.497906329e-12,3.497906
3.497906395e-12,3.497906
3.503984656e-12,3.503985
3.504330519e-12,3.504331
3.519744288e-12,3.519744
3.519744289e-12,3.519744
3.519744356e-12,3.519744
3.519748297e-12,3.519748
3.519748362e-12,3.519748
3.520082075e-12,3.520082
3.520082075e-12,3.520082
3.524352875e-12,3.524353
3.526164407e-12,3.526164
3.526164408e-12,3.526164
3.526164476e-12,3.526164
3.526164543e-12,3.526165
3.526498186e-12,3.526498
3.526835904e-12,3.526836
3.531098559e-12,3.531099
3.532580588e-12,3.532581
3.532580589e-12,3.532581
3.533256091e-12,3.533256
3.545412748e-12,3.545413
3.561506093e-12,3.561506
3.589760234e-12,3.589760
